{"stats":{"minecraft:dropped":{"minecraft:stone":1,"alexsmobs:bear_fur":1},"minecraft:killed":{"minecraft:zombie":1},"minecraft:used":{"minecraft:stone_brick_slab":22,"minecraft:smooth_stone_slab":33,"minecraft:stone":52},"minecraft:custom":{"minecraft:time_since_rest":2321,"minecraft:crouch_one_cm":826,"minecraft:sprint_one_cm":9682,"minecraft:play_time":8478,"minecraft:deaths":1,"minecraft:damage_taken":90,"minecraft:walk_one_cm":28324,"minecraft:sneak_time":445,"minecraft:walk_under_water_one_cm":13255,"minecraft:mob_kills":1,"minecraft:drop":2,"minecraft:jump":71,"minecraft:damage_dealt":28,"minecraft:leave_game":2,"minecraft:walk_on_water_one_cm":1027,"minecraft:time_since_death":2299,"minecraft:climb_one_cm":2,"minecraft:total_world_time":13275,"minecraft:swim_one_cm":1693,"minecraft:fall_one_cm":896,"minecraft:fly_one_cm":451958},"minecraft:killed_by":{"minecraft:zombie":1}},"DataVersion":2975}